Name,Price
The Derma Co 1% Hyaluronic Sunscreen Aqua Ultra Light G...,₹433
Minimalist SPF 50 Sunscreen Stick with Rice Bran Oil & ...,₹799
Dr. Sheth's Sunscreen SPF 50 with Ceramide & Vitamin C ...,₹414
Dot & Key Watermelon Hyaluronic Cooling Sunscreen SPF 5...,₹361
"Dot & Key Vitamin C+E Super Bright Sunscreen, SPF 50 PA...",₹361
Mamaearth HydraGel Indian Sunscreen SPF 50 for Sun Prot...,₹346
Ayuga Kumkumadi Radiance Sunscreen SPF50 with Saffron f...,₹368
"ASTABERRY Papaya Sunscreen Crème SPF 50 100ml, Pack 2, ...",₹236
Iba Halal Care Invisible SPF 50 Sunscreen PA++++ - SPF ...,₹256
LOTUS HERBALS Safe Sun Invisible Matte Gel Sunscreen SP...,₹339
saturn by ghc Broad Spectrum UVA & UVB Protection Anti-...,₹170
Dr. Sheth's Haldi & Hyaluronic Acid Sunscreen | Spf 50+...,₹434
The Derma Co Pore Minimizing Priming Sunscreen with SPF...,₹346
LOTUS HERBALS Safe Sun Invisible Matte Gel Sunscreen SP...,₹262
Dot & Key CICA Niacinamide Face Sunscreen SPF 50 PA+++ ...,₹386
mars by GHC Broad Spectrum UVA & UVB Protection Anti-Po...,₹153
Brinton Face & Body Sunscreen gel with SPF 50 in Matte ...,"₹1,050"
mCaffeine De tan Coffee Sunscreen for sun protection fo...,₹449
Mamaearth Rice Sunscreen Gel With SPF 50 PA +++ with Ri...,₹390
Renee Glowscreen SPF 50 Sunscreen Spray - 50ml - SPF 50...,₹299
Aqualogica Detan+ Dewy Sunscreen with Cherry Tomato Red...,₹346
mCaffeine Green Tea Sunscreen for Sun Protection & Fair...,₹360
Renee Glowscreen SPF 50 Sunscreen Cream - 50ml - SPF 50...,₹299
Lotus Botanicals Vitamin C Matte Fluid Sunscreen | Sun ...,₹322
Mamaearth Skin Illuminate Sunscreen with SPF 50 Gel wit...,₹390
O3+ Bridal Radiance Sunscreen SPF 50 PA +++ - SPF 50 PA...,₹449
Re'equil Oxybenzone and OMC Free Sunscreen - SPF 50 PA+...,₹360
Mamaearth Aqua Glow Hydrating Sunscreen Gel with Himala...,₹346
The Plant Fix Plix Invisible Sunscreen Gel With SPF 50+...,₹349
Foxtale Essentials Brightening SPF 50 Sunscreen with Vi...,₹244
"Fixderma Shadow Sunscreen SPF 50+ Cream Sample, Sunscre...",₹149
Aqualogica Radiance+ Dewy Sunscreen with Watermelon & N...,₹538
Brinton UVDoux Silicone Sunscreen Gel with SPF 50 PA+++...,₹764
"TAC - The Ayurveda Co. Eladi Sunscreen SPF 50 & PA+++,U...",₹299
Enhance Skincare Sunscreen SPF 50 PA+++ - SPF 50 PA+++,₹290
KHADI NATURAL Ayurvedic Sunscreen lotion SPF 50 (100 ml...,₹240
Brinton UV Doux Blue Sunscreen Gel SPF 50 pa+++ UVA/UVB...,₹748
WOW SKIN SCIENCE UV Water Transparent Sunscreen Spray S...,₹319
BEARDO Max Sunscreen Spray SPF-50 (50ml) - SPF 50 PA+++,₹299
Re'equil Ultra Matte Dry Touch Sunscreen Gel - SPF 50 P...,₹332
